"name","email","mobile_no","enroll_no","username","password"
"Frankie Blackmon","Frankie_Blackmon0@gmail.com","9652411591","21C22000","Frankie_Blackmon0","password"
"Teresa Gates","Teresa_Gates1@gmail.com","5237676462","22C22001","Teresa_Gates1","password"
"Jack Worstell","Jack_Worstell2@gmail.com","2969702997","22C22002","Jack_Worstell2","password"
"Joan Hornung","Joan_Hornung3@gmail.com","3559928472","22C22003","Joan_Hornung3","password"
"Justin Butler","Justin_Butler4@gmail.com","5972112441","21C22004","Justin_Butler4","password"
"George Ortiz","George_Ortiz5@gmail.com","2272615500","21C22005","George_Ortiz5","password"
"Paula Cardenas","Paula_Cardenas6@gmail.com","1483958668","21C22006","Paula_Cardenas6","password"
"Lissette Petrovich","Lissette_Petrovich7@gmail.com","9264966772","22C22007","Lissette_Petrovich7","password"
"Felicia Davis","Felicia_Davis8@gmail.com","5859548775","22C22008","Felicia_Davis8","password"
"Sandra Brockhaus","Sandra_Brockhaus9@gmail.com","3847968813","21C22009","Sandra_Brockhaus9","password"
"Betty Stephens","Betty_Stephens10@gmail.com","4264801964","21C22010","Betty_Stephens10","password"
"Sally Christman","Sally_Christman11@gmail.com","5832272614","22C22011","Sally_Christman11","password"
"Patricia Elford","Patricia_Elford12@gmail.com","3936856937","22C22012","Patricia_Elford12","password"
"Herbert Rossi","Herbert_Rossi13@gmail.com","6217944940","21C22013","Herbert_Rossi13","password"
"Cindy Baldwin","Cindy_Baldwin14@gmail.com","8604052622","22C22014","Cindy_Baldwin14","password"
"Amy Howard","Amy_Howard15@gmail.com","8231758074","22C22015","Amy_Howard15","password"
"James Morales","James_Morales16@gmail.com","7502108383","21C22016","James_Morales16","password"
"Patricia Wilfong","Patricia_Wilfong17@gmail.com","8785326502","22C22017","Patricia_Wilfong17","password"
"George Chaney","George_Chaney18@gmail.com","6217092241","22C22018","George_Chaney18","password"
"Arthur Mcallister","Arthur_Mcallister19@gmail.com","1509110785","21C22019","Arthur_Mcallister19","password"
"Julio Heinecke","Julio_Heinecke20@gmail.com","6581048279","22C22020","Julio_Heinecke20","password"
"Robert Marsh","Robert_Marsh21@gmail.com","3629443383","22C22021","Robert_Marsh21","password"
"Janice Goodwill","Janice_Goodwill22@gmail.com","7439117885","21C22022","Janice_Goodwill22","password"
"Harry Palone","Harry_Palone23@gmail.com","5275235104","22C22023","Harry_Palone23","password"
"Clara Echols","Clara_Echols24@gmail.com","5604590451","21C22024","Clara_Echols24","password"
"Julie Carson","Julie_Carson25@gmail.com","8039991833","21C22025","Julie_Carson25","password"
"Martha Gordon","Martha_Gordon26@gmail.com","6280286621","21C22026","Martha_Gordon26","password"
"Valerie Cruce","Valerie_Cruce27@gmail.com","4041890677","22C22027","Valerie_Cruce27","password"
"Heather Vigil","Heather_Vigil28@gmail.com","4181124629","22C22028","Heather_Vigil28","password"
"Gilbert Davis","Gilbert_Davis29@gmail.com","3278554181","21C22029","Gilbert_Davis29","password"
"Lazaro Austin","Lazaro_Austin30@gmail.com","7916840082","22C22030","Lazaro_Austin30","password"
"Craig Ham","Craig_Ham31@gmail.com","6129954261","22C22031","Craig_Ham31","password"
"Sabra Copeland","Sabra_Copeland32@gmail.com","7503429659","21C22032","Sabra_Copeland32","password"
"Larry Thomas","Larry_Thomas33@gmail.com","5476078938","21C22033","Larry_Thomas33","password"
"Noah Perry","Noah_Perry34@gmail.com","8049032141","21C22034","Noah_Perry34","password"
"Andrew Kennedy","Andrew_Kennedy35@gmail.com","9837673567","22C22035","Andrew_Kennedy35","password"
"Jenny Barba","Jenny_Barba36@gmail.com","5490554749","22C22036","Jenny_Barba36","password"
"Troy Adams","Troy_Adams37@gmail.com","5833718053","22C22037","Troy_Adams37","password"
"Sheryl Chasse","Sheryl_Chasse38@gmail.com","9929881878","22C22038","Sheryl_Chasse38","password"
"Anthony Barker","Anthony_Barker39@gmail.com","9382902354","22C22039","Anthony_Barker39","password"
"James Calloway","James_Calloway40@gmail.com","1843998576","21C22040","James_Calloway40","password"
"Helen Belgarde","Helen_Belgarde41@gmail.com","5139309217","22C22041","Helen_Belgarde41","password"
"James Randolph","James_Randolph42@gmail.com","1988844904","22C22042","James_Randolph42","password"
"Tammy Sanders","Tammy_Sanders43@gmail.com","3866462477","22C22043","Tammy_Sanders43","password"
"Carole Mcdonald","Carole_Mcdonald44@gmail.com","3206239483","21C22044","Carole_Mcdonald44","password"
"Frances Hall","Frances_Hall45@gmail.com","9492085909","22C22045","Frances_Hall45","password"
"Corey Gerber","Corey_Gerber46@gmail.com","9729470973","22C22046","Corey_Gerber46","password"
"Albert Shoemaker","Albert_Shoemaker47@gmail.com","7826514553","21C22047","Albert_Shoemaker47","password"
"Jerry Lopez","Jerry_Lopez48@gmail.com","1087189838","21C22048","Jerry_Lopez48","password"
"Joesph Rodriguez","Joesph_Rodriguez49@gmail.com","6990517720","21C22049","Joesph_Rodriguez49","password"
"Jerry Johnson","Jerry_Johnson50@gmail.com","6451515469","21C22050","Jerry_Johnson50","password"
"Mary Denton","Mary_Denton51@gmail.com","5515202427","21C22051","Mary_Denton51","password"
"Chris Dailey","Chris_Dailey52@gmail.com","8356003318","21C22052","Chris_Dailey52","password"
"Lillian Poe","Lillian_Poe53@gmail.com","9533229956","22C22053","Lillian_Poe53","password"
"Mark Stuart","Mark_Stuart54@gmail.com","9834982122","21C22054","Mark_Stuart54","password"
"Herman Channell","Herman_Channell55@gmail.com","1777065286","21C22055","Herman_Channell55","password"
"Ronald Dotson","Ronald_Dotson56@gmail.com","7743022576","21C22056","Ronald_Dotson56","password"
"Joshua Hernandez","Joshua_Hernandez57@gmail.com","1633132869","21C22057","Joshua_Hernandez57","password"
"Edward Skimehorn","Edward_Skimehorn58@gmail.com","8780477348","22C22058","Edward_Skimehorn58","password"
"John Schmitt","John_Schmitt59@gmail.com","5421605268","21C22059","John_Schmitt59","password"
"Jennifer Phelps","Jennifer_Phelps60@gmail.com","7653667389","21C22060","Jennifer_Phelps60","password"
"David Kimbro","David_Kimbro61@gmail.com","9496662452","21C22061","David_Kimbro61","password"
"Douglas Douglas","Douglas_Douglas62@gmail.com","4791435532","22C22062","Douglas_Douglas62","password"
"John Stokes","John_Stokes63@gmail.com","4824077464","21C22063","John_Stokes63","password"
"Tara Molina","Tara_Molina64@gmail.com","5979742380","21C22064","Tara_Molina64","password"
"Tammy Carnes","Tammy_Carnes65@gmail.com","3712993234","21C22065","Tammy_Carnes65","password"
"Ronnie Timinsky","Ronnie_Timinsky66@gmail.com","4131145724","21C22066","Ronnie_Timinsky66","password"
"Morris Haynes","Morris_Haynes67@gmail.com","8441970310","22C22067","Morris_Haynes67","password"
"Dale Rivera","Dale_Rivera68@gmail.com","9943319733","21C22068","Dale_Rivera68","password"
"Laura Fewell","Laura_Fewell69@gmail.com","1607727407","21C22069","Laura_Fewell69","password"
"Ashley Eunice","Ashley_Eunice70@gmail.com","1691017840","21C22070","Ashley_Eunice70","password"
"Rocio Coleman","Rocio_Coleman71@gmail.com","3721319313","21C22071","Rocio_Coleman71","password"
"Michael Shelley","Michael_Shelley72@gmail.com","4182062374","22C22072","Michael_Shelley72","password"
"Justina Metelus","Justina_Metelus73@gmail.com","9912915889","22C22073","Justina_Metelus73","password"
"Frank Roudebush","Frank_Roudebush74@gmail.com","3454022201","22C22074","Frank_Roudebush74","password"
"Earl Runyon","Earl_Runyon75@gmail.com","8168851274","22C22075","Earl_Runyon75","password"
"Michael Benton","Michael_Benton76@gmail.com","9536607504","22C22076","Michael_Benton76","password"
"Holly Saunders","Holly_Saunders77@gmail.com","5675226789","22C22077","Holly_Saunders77","password"
"Johnny Jones","Johnny_Jones78@gmail.com","7369019419","22C22078","Johnny_Jones78","password"
"Wynona Brown","Wynona_Brown79@gmail.com","2083757899","21C22079","Wynona_Brown79","password"
"Catherine Farris","Catherine_Farris80@gmail.com","5421332926","22C22080","Catherine_Farris80","password"
"Ashley Richardson","Ashley_Richardson81@gmail.com","5668921318","22C22081","Ashley_Richardson81","password"
"John Peel","John_Peel82@gmail.com","9616497412","22C22082","John_Peel82","password"
"Sharon Demond","Sharon_Demond83@gmail.com","6751783252","22C22083","Sharon_Demond83","password"
"Tamara Mendez","Tamara_Mendez84@gmail.com","8209455888","22C22084","Tamara_Mendez84","password"
"Kerrie Webb","Kerrie_Webb85@gmail.com","9366609992","22C22085","Kerrie_Webb85","password"
"Sylvester Schenkel","Sylvester_Schenkel86@gmail.com","5325343023","22C22086","Sylvester_Schenkel86","password"
"Tracy Decker","Tracy_Decker87@gmail.com","5948786622","22C22087","Tracy_Decker87","password"
"Robert Turner","Robert_Turner88@gmail.com","9708470734","22C22088","Robert_Turner88","password"
"Charles Garcia","Charles_Garcia89@gmail.com","2289308325","22C22089","Charles_Garcia89","password"
"Ione Androlewicz","Ione_Androlewicz90@gmail.com","2913495008","22C22090","Ione_Androlewicz90","password"
"Mildred Jones","Mildred_Jones91@gmail.com","4099749781","22C22091","Mildred_Jones91","password"
"Brandon Torres","Brandon_Torres92@gmail.com","2954589447","21C22092","Brandon_Torres92","password"
"Gregory Bullman","Gregory_Bullman93@gmail.com","2490945131","22C22093","Gregory_Bullman93","password"
"Walter Kittelberger","Walter_Kittelberger94@gmail.com","3858251262","22C22094","Walter_Kittelberger94","password"
"Andrea Bishop","Andrea_Bishop95@gmail.com","8997036043","21C22095","Andrea_Bishop95","password"
"Dena Talavera","Dena_Talavera96@gmail.com","6616892659","22C22096","Dena_Talavera96","password"
"Donna Wright","Donna_Wright97@gmail.com","5318211358","21C22097","Donna_Wright97","password"
"Ethel Harley","Ethel_Harley98@gmail.com","6147175995","22C22098","Ethel_Harley98","password"
"Phyllis Ginder","Phyllis_Ginder99@gmail.com","6308707050","22C22099","Phyllis_Ginder99","password"
